Target Protein,Fluorophore,Performance (Human),Vendor,Catalog Number,Clone,RRID,Note
5'-HMC,,***,Active Motif,39769,,AB_10013602,
Alpha-actin-2,eFluor 660,***,Thermo Fisher Scientific (eBioscience),50-9760-82,1A4,AB_2574362,
Alpha-actin-2,eFluor 570,***,Thermo Fisher Scientific (eBioscience),41-9760-82,1A4,AB_2573631,
CD11b,Alexa Fluor 488,***,Thermo Fisher Scientific (eBioscience),53-0196-80,C67F154,AB_2637195,
CD14,Alexa Fluor 647,***,Abcam,ab196169,EPR3653,,Discontinued
CD163,Alexa Fluor 488,***,Abcam,ab218293,EPR14643-36,AB_2889155,
CD19,Alexa Fluor 488,***,Abcam,ab196468,EPR5906,AB_2889156,
CD20,eFluor 660,***,Thermo Fisher Scientific (eBioscience),50-0202-80,L26,AB_11151691,
CD31,Alexa Fluor 647,***,Abcam,ab218582,EPR3094,AB_2857973,
CD3d,Alexa Fluor 555,***,Abcam,ab208514,EP4426,AB_2728789,
CD4,Alexa Fluor 488,***,R&D Systems,FAB8165G,,AB_2728839,
CD45,Alexa Fluor 647,***,BioLegend,304020,HI30,AB_493034,
CD45RB,Alexa Fluor 488,***,Thermo Fisher Scientific,53-9458-80,PD7/26,AB_2574448,
CD45RO,Alexa Fluor 488,***,BioLegend,304212,UCHL1,AB_528823,
CD45RO,,***,Dako,M0742,UCHL1,AB_2237910,
CD68,phycoerythrin,***,Cell Signaling Technology,79594,D4B9C,AB_2799935,
CD8a,eFluor 660,***,Thermo Fisher Scientific (eBioscience),50-0008-82,AMC908,AB_2574149,
Cytokeratin (pan),eFluor 570,***,Thermo Fisher Scientific (eBioscience),41-9003-82,AE1/AE3,AB_11218704,
Cytokeratin (pan),Alexa Fluor 488,***,Cell Signaling Technology,4523S,C11,AB_836889,
E-cadherin,Alexa Fluor 555,***,Cell Signaling Technology,4295,24E10,AB_2728822,Discontinued
E-cadherin,Alexa Fluor 488,***,Cell Signaling Technology,3199,24E10,AB_10691457,
ER alpha,,***,Abcam,ab16660,SP1,AB_443420,
FOXA2,eFluor 660,***,Thermo Fisher Scientific (eBioscience),50-4778-82,3C10,AB_2574221,
FOXP3,eFluor 570,***,Thermo Fisher Scientific (eBioscience),41-4777-82,236A/E7,AB_2573609,
GFAP,eFluor 570,***,Thermo Fisher Scientific,41-9892-80,GA5,AB_2573655,
Granzyme B,,***,Dako,M7235,GrB-7,AB_2114697,
IBA1,Alexa Fluor 488,***,Abcam,ab195031,EPR6136(2),AB_2889157,
MART1,,***,BioLegend,917901,M2-7C10,AB_2565202,
PD-1,Alexa Fluor 647,***,Abcam,ab201825,EPR4877(2),AB_2728811,
PD-L1,Alexa Fluor 647,***,Cell Signaling Technology,15005,E1L3N,AB_2728832,
PD-L1,,***,Cell Signaling Technology,13684,E1L3N,AB_2687655,
14-3-3 (pan),,**,Santa Cruz Biotechnology,sc-629-G,K-19,AB_630820,Discontinued
53BP1,,**,Millipore Sigma,MAB3802,BP13,AB_2206767,
53BP1,,**,Bethyl Laboratories Inc.,A303-906A,,AB_2620256,
ACO2,Alexa Fluor 647,**,Abcam,ab198050,6F12BD9,AB_2857971,
"Actin, cytoplasmic 1",Alexa Fluor 555,**,Cell Signaling Technology,8046S,13E5,AB_11179208,
Akt-1 (pan),Alexa Fluor 647,**,Cell Signaling Technology,5186S,C67E7,AB_10695877,
ALK,phycoerythrin,**,Cell Signaling Technology,8868,D5F3,AB_11179078,
Alpha-actin-2,Alexa Fluor 555,**,Abcam,ab202509,EPR5368,AB_2868435,
AR,Alexa Fluor 647,**,Abcam,ab194195,EPR1535(2),AB_2868419,
AR,,**,Thermo Fisher Scientific,MA5-13426,AR 441,AB_11000751,
ATM (pS1981),Alexa Fluor 647,**,Thermo Fisher Scientific (eBioscience),50-9046-41,10H11.E12,AB_2574313,
Aurora kinase B (pT232),Alexa Fluor 555,**,Cell Signaling Technology,13464S,D13A11,AB_2728824,
AXL,,**,R&D Systems,AF154,,AB_354852,
B-RAF,FITC,**,Abcam,ab175637,K21-F,AB_2728806,
BAX,Alexa Fluor 488,**,BioLegend,633603,2D2,AB_2562171,
Bcl-2,Alexa Fluor 647,**,BioLegend,658705,100,AB_2563279,
BCL6,Alexa Fluor 568,**,Santa Cruz Biotechnology,sc-7388 AF647,D-8,AB_2063455,
BCLXL,Alexa Fluor 647,**,Abcam,ab200527,EPR16642,AB_2868509,
Catalase,Alexa Fluor 488,**,Abcam,ab185041,EP1929Y,AB_2884892,
Catenin beta-1,Alexa Fluor 647,**,Cell Signaling Technology,4627S,L54E2,AB_10691326,
Catenin beta-1,Alexa Fluor 488,**,Cell Signaling Technology,2849,L54E2,AB_10693296,
CCNB1,Alexa Fluor 555,**,Abcam,ab214381,Y106,AB_2884889,
CCNB1,Alexa Fluor 488,**,Santa Cruz Biotechnology,sc-752 FITC,,AB_2072134,Discontinued
CD117,,**,Dako,A4502,,AB_2335702,
CD11b,Alexa Fluor 488,**,Abcam,ab204271,EPR1344,AB_1937226,Discontinued
CD11b,,**,Abcam,ab52478,EP1345Y,AB_868788,
CD11b,,**,Abcam,ab133357,EPR1344,AB_2650514,
CD11c,eFluor 570,**,Thermo Fisher Scientific (eBioscience),41-9761-80,118/A5,AB_2573632,
CD11c,Alexa Fluor 555,**,Cell Signaling Technology,77882BC,D3V1E,AB_2800282,Custom Conjugate (to cat. No 97585S)
CD11c,Alexa Fluor 555,**,Cell Signaling Technology,64675BC,D1V9Y,AB_2800282 ,Custom Conjugate (to cat. No 97585S)
CD11c,,**,Cell Signaling Technology,45581,D3V1E,AB_2799286,
CD134,Alexa Fluor 647,**,BioLegend,350018,Ber-ACT35,AB_2571938,
CD138,FITC,**,Abcam,ab27390,B-A38,AB_2182845,Discontinued
CD138,APC,**,BioLegend,352308,DL-101,AB_10896946,
CD14,,**,Abcam,ab133335,EPR3653,AB_2889158,
CD15,Alexa Fluor 488,**,BioLegend,301910,HI98,AB_493257,
CD16,Alexa Fluor 647,**,Santa Cruz Biotechnology,sc-20052 AF647,DJ130c,AB_626925,
CD161,,**,Santa Cruz Biotechnology,sc-58963,B199.2,AB_631082,
CD19,,**,Cell Signaling Technology ,90176,D4V4B,AB_2800152,
CD197,,**,Thermo Fisher Scientific,PA5-32299,,AB_2549771,
CD1a,Alexa Fluor 488,**,Santa Cruz Biotechnology,sc-18885 AF488,O10,AB_626957,
CD1a,,**,Abcam,ab201337,C1A/711,AB_2889186,
CD1c,,**,Abcam,ab156708,OTI2F4,AB_2889187,
CD2,,**,Abcam,ab131276,EPR6451,AB_11156582,
CD20,,**,Dako,M0755,L26,AB_2282030,
CD206,Alexa Fluor 488,**,Santa Cruz Biotechnology,sc-376108 AF488,D-1,AB_10987732,
CD206,,**,Cell Signaling Technology,91992,E2L9N,AB_2800175,
CD21,Alexa Fluor 647,**,Abcam,ab202693,EP3093,AB_2889188,
CD3,,**,Abcam,ab11089,CD3-12,AB_2889189,
CD30,Alexa Fluor 488,**,Santa Cruz Biotechnology,sc-19658 AF488,Her-H2,AB_627023,
CD357,,**,Cell Signaling Technology,68014,D9I9D,AB_2799740,
CD357,,**,Thermo Fisher Scientific,PA5-47883,,AB_2576305,
CD3d,Alexa Fluor 647,**,Abcam,ab198937,EP4426,AB_2889190,
CD3e,,**,Dako,A0452,,AB_2335677,
CD4,eFluor 570,**,Thermo Fisher Scientific (eBioscience),41-2444-82,N1UG0,AB_2573602,
CD4,Alexa Fluor 488,**,Abcam,ab196372,EPR6855,AB_2889191,
CD4,,**,Dako,M7310,4B12,AB_2728838,
CD43,Alexa Fluor 488,**,Santa Cruz Biotechnology,sc-6256 AF488,DF-T1,AB_627064,
CD44,phycoerythrin,**,Cell Signaling Technology,8724,156-3C11,AB_10829611,
CD44,Alexa Fluor 647,**,Abcam,ab194988,EPR103Y,AB_2889192,
CD45,phycoerythrin,**,R&D Systems,FAB1430P,2D1,AB_2237898,
CD45,phycoerythrin,**,Biolegend,304039,HI30,AB_2562057,
CD45,Alexa Fluor 488,**,R&D Systems,FAB1430G,2D1,AB_2889351,
CD5,Alexa Fluor 647,**,Santa Cruz Biotechnology,sc-53204 AF647,CD5/54/F6,AB_2075324,
CD56,Alexa Fluor 568,**,Santa Cruz Biotechnology,sc-7326 AF647,123C3,AB_627127,
CD57,phycoerythrin,**,BioLegend,359612,HNK-1,AB_2562759,
CD57,FITC,**,BD Biosciences,561906,NK-1,AB_10897013,
CD57,,**,BioCare,CM 007 B,NK-1,AB_2889328,
CD66b,phycoerythrin,**,Thermo Fisher Scientific,12-0666-41,G10F5,AB_2572566,
CD68,Alexa Fluor 488,**,Cell Signaling Technology,24850,D4B9C,AB_2798886,
CD7,Alexa Fluor 647,**,Abcam,ab199023,EPR4242,AB_2889193,
CD8a,Alexa Fluor 488,**,Thermo Fisher Scientific,53-0008-80,AMC908,AB_2574412,
CD8a,,**,Dako,M7103,C8/144B,AB_2075537,
CDK1/2/3/5 (pY15),,**,Abcam,ab133463,EPR7875,AB_2811262,
CDKN1A,Alexa Fluor 555,**,Cell Signaling Technology,8493,12D1,AB_10860074,
CDKN2A,Alexa Fluor 647,**,Abcam,ab192054,EPR1473,AB_2889194,
Checkpoint kinase 2 (pT68),Alexa Fluor 555,**,Cell Signaling Technology,12812S,C13C1,AB_2728826,Discontinued
Cleaved Caspase 3 (D175),,**,Cell Signaling Technology,9661,,AB_2341188,
CMA1,,**,Abcam,ab111239,,AB_10863662,
Collagen IV,Alexa Fluor 647,**,Thermo Fisher Scientific,51-9871-80,1042,AB_10854267,
COX IV-1,Alexa Fluor 647,**,Cell Signaling Technology,7561S,3E11,AB_10994876,
Cyclin-A2,Alexa Fluor 647,**,Abcam,ab216303,EPR17351,AB_2884891,
Cyclin-A2,Alexa Fluor 555,**,Abcam,ab217731,EPR17351,AB_2884890,
Cyclin-A2,,**,Abcam,ab38,E23.1,AB_304084,
Cyclin-D1,Alexa Fluor 488,**,Abcam,ab190194,EPR2241,AB_2728784,
Cytokeratin (pan),Alexa Fluor 555,**,Cell Signaling Technology,3478S,C11,AB_10829040,
Cytokeratin 14,FITC,**,Abcam,ab77684,LL002,AB_2265437,
Cytokeratin 17,Alexa Fluor 488,**,Abcam,ab185032,EP1623,AB_2889195,
Cytokeratin 18,Alexa Fluor 488,**,Thermo Fisher Scientific,53-9815-80,LDK18,AB_2574480,
Cytokeratin 19,Alexa Fluor 555,**,Abcam,ab203444,EP1580Y,AB_2857974,
Cytokeratin 5,Alexa Fluor 647,**,Abcam,ab193895,EP1601Y,AB_2728796,
Cytokeratin 7,Alexa Fluor 555,**,Abcam,ab209601,EPR17078,AB_2728790,
Cytokeratin 8,FITC,**,Thermo Fisher Scientific (eBioscience),11-9938-80,LP3K,AB_10548518,
Desmin,Alexa Fluor 647,**,Abcam,ab195177,Y66,AB_2889196,
EGFR,Alexa Fluor 488,**,Cell Signaling Technology,5616S,D38B1,AB_10691853,
EGFR (pY1068),,**,Cell Signaling Technology,3777,D7A5,AB_2096270,
EGFR2,eFluor 570,**,Thermo Fisher Scientific (eBioscience),41-9757-80,MJD2,AB_2573628,
Emil1,,**,Abcam,ab212397,EMIL/1176,AB_2728813,Discontinued
EpCAM,phycoerythrin,**,BioLegend,324205,9C4,AB_756079,
EpCAM,Alexa Fluor 488,**,Cell Signaling Technology,5198S,VU1D9,AB_10692105,
ER alpha,phycoerythrin,**,Cell Signaling Technology,74244,D6R2W,AB_2799853,
ER alpha,Alexa Fluor 647,**,Abcam,ab205851,EPR4097,AB_2728817,
ER alpha,Alexa Fluor 568,**,Abcam,ab207261,EPR4097,,Discontinued
ER alpha,Alexa Fluor 488,**,Abcam,ab194150,E115,AB_2889197,
ERK (pT202; pY204),phycoerythrin,**,Cell Signaling Technology,14095,197G2,AB_2728834,
ERK-1 (pT202; pY204),Alexa Fluor 488,**,Cell Signaling Technology,4344S,D13.14.4E,AB_2139960,Discontinued
FAP,,**,Thermo Fisher Scientific,BMS168,F11-24,AB_10597443,
FOXA2,Alexa Fluor 647,**,Thermo Fisher Scientific (eBioscience),50-4778-80,3C10,AB_2574220,
FOXO1a,Alexa Fluor 555,**,Abcam,AB207244,EP927Y,AB_2728793,
FOXP3,eFluor 660,**,Thermo Fisher Scientific (eBioscience),50-4777-41,236A/E7,AB_2574218,Discontinued
FOXP3,Alexa Fluor 647,**,BioLegend,320113,206D,AB_439753,
FOXP3,,**,BioLegend,320101,206D,AB_430880,
GAPDH,Alexa Fluor 488,**,Abcam,ab204276,EPR16884,AB_2889198,
GAPDH,,**,Cell Signaling Technology,2118,14C10,AB_561053,
GATA3,Alexa Fluor 555,**,Abcam,ab210672,EPR16651,AB_2889199,
GLUD1,Alexa Fluor 488,**,Abcam,ab204001,EPR11370,AB_2889200,
Granzyme B,Alexa Fluor 647,**,Santa Cruz Biotechnology,sc-8022 AF647,2C5,AB_2232723,
HER2,Alexa Fluor 647,**,Abcam,ab225510,EPR19547-12,AB_2889201,
Hes1,Alexa Fluor 647,**,Abcam,ab196577,EPR4226,AB_2728797,
Hes1,Alexa Fluor 488,**,Abcam,ab196328,EPR4226,AB_2728785,
HGF receptor,Alexa Fluor 488,**,Cell Signaling Technology,8494S,D1C2,AB_10999405,
Histone H2A.X,Alexa Fluor 647,**,BioLegend,613407,2F3,AB_2114994,
Histone H2A.X (pS139),Alexa Fluor 647,**,Cell Signaling Technology,9720S,20E3,AB_10692910,
Histone H2A.X (pS139),,**,EMD Millipore,05-636,JBW301,AB_309864,
Histone H3.1 (pS10),Alexa Fluor 555,**,Cell Signaling Technology,3475S,D2C8,AB_10694639,
HLA-A,Alexa Fluor 647,**,Abcam,ab199837,EP1395Y,AB_2728798,
HLA-A,Alexa Fluor 594,**,Abcam,ab207872,EP1395Y,AB_2889202,
HLA-ABC,,**,Abcam,ab70328,EMR8-5,AB_1269092,
HLA-DPB1,Alexa Fluor 647,**,Abcam,ab201347,EPR11226,AB_2861375,
Hsp90 beta,phycoerythrin,**,Abcam,ab115641,,AB_10936222,
KAP1,Alexa Fluor 594,**,BioLegend,619304,20A1,AB_2563298,
Ki-67,eFluor 570,**,Thermo Fisher Scientific (eBioscience),41-5699-80,20Raj1,AB_11220088,
Ki-67,Alexa Fluor 750,**,R&D Systems,IC7617S,1297A,AB_2889352,
Ki-67,Alexa Fluor 647,**,BioLegend,350509,Ki67,AB_10900810,
Ki-67,Alexa Fluor 647,**,Cell Signaling Technology,12075,D3B5,AB_2728830,
Ki-67,Alexa Fluor 488,**,Cell Signaling Technology,11882S,D3B5,AB_2687824,
LAG-3,,**,Abcam,ab180187,EPR4392(2),AB_2888645,
Lamin-A/C,Alexa Fluor 488,**,Cell Signaling Technology,8617S,4C11,AB_10997529,
Lamin-B1,Alexa Fluor 488,**,Abcam,ab194106,EPR8985(B),AB_2728786,
LAMP-1,Alexa Fluor 488,**,Abcam,ab187591,H4A3,AB_2884958,
LAMP-1,,**,Cell Signaling Technology,9091,D2D11,AB_2687579,
LAMP-2,Alexa Fluor 647,**,BioLegend,354312,H4B4,AB_2721405,
LAMP-2,,**,R&D Systems,AF6228,,AB_10971818,
LAMP-2,,**,Abcam,ab25631,H4B4,AB_470709,
Langerin,,**,Millipore Sigma,392M-14,12D6,AB_2889342,
Langerin,,**,R&D Systems,AF2088-SP,,AB_355143,
LC3A/B,Alexa Fluor 555,**,Cell Signaling Technology,13173S,D3U4C,AB_2728823,
MAP2,eFluor 570,**,Thermo Fisher Scientific (eBioscience),41-9763-80,AP20,AB_2573634,
MCM6,,**,Santa Cruz Biotechnology,sc-9843,C-20,AB_2142543,Discontinued
MITF,Alexa Fluor 488,**,Abcam,ab201675,D5,AB_2728787,
MITF,,**,Abcam,ab3201,D5,AB_30360,
MLH1,Alexa Fluor 647,**,Abcam,ab199494,EPR3894,AB_2889203,
MSH6,Alexa Fluor 647,**,Abcam,ab198334,EPR3945,AB_2889204,
mTOR,Alexa Fluor 647,**,Cell Signaling Technology,5048S,7C10,AB_10828101,
Myeloperoxidase,Alexa Fluor 488,**,Abcam,ab225474,EPR20257,AB_2889205,
Na+/K+ ATPase alpha-1 subunit,,**,Cell Signaling Technology,23565,D4Y7E,AB_2798866,
NDRG1 (pT346),Alexa Fluor 488,**,Cell Signaling Technology,6992S,D98G11,AB_10827648,
Nestin,Alexa Fluor 488,**,Thermo Fisher Scientific (eBioscience),53-9843-80,10C2,AB_1834347,
NFATC1,phycoerythrin,**,BioLegend,649605,7A6,AB_2562546,
NGF receptor,Alexa Fluor 647,**,Abcam,ab195180,EP1039Y,AB_2728801,
NGF receptor,Alexa Fluor 647,**,BD Biosciences,560326,C40-1457,AB_1645403,
Nup98,Alexa Fluor 647,**,Cell Signaling Technology,13393S,C39A3,AB_2728831,
p-Tyr-100,Alexa Fluor 647,**,Cell Signaling Technology,9415S,P-Tyr-100,AB_390807,
p-Tyr-100,,**,Cell Signaling Technology,9411,p-Tyr-100,AB_331228,
p21,Alexa Fluor 647,**,Cell Signaling Technology,8587S,12D1,AB_10892861,
p21,,**,Cell Signaling Technology,2947S,12D1,AB_823586,
p27Kip1,Alexa Fluor 647,**,Abcam,ab194234,Y236,,Discontinued
p53,Alexa Fluor 647,**,Abcam,ab224942,E26,AB_2889206,
p53,,**,Dako,M7001,DO7,AB_2206626,
Pax8,Alexa Fluor 647,**,Abcam,ab215953,EPR18715,AB_2728803,
Pax8,,**,Abcam,ab191870,EPR18715,AB_2728805,
PCNA,Alexa Fluor 488,**,Cell Signaling Technology,8580,PC10,AB_11178664,
PD-1,Alexa Fluor 488,**,Cell Signaling Technology,15131,D3W4U,AB_2728819,Discontinued
PD-1,,**,Cell Signaling Technology,86163,D4W2J,AB_2728833,
PD-1,,**,Cell Signaling Technology,43248,EH33,AB_2728836,
PD-L1,Alexa Fluor 555,**,Abcam,ab213358,28-8,AB_2728794,
PD-L1,Alexa Fluor 488,**,Cell Signaling Technology,14772,E1L3N,AB_2798606,
PDI,Alexa Fluor 488,**,Cell Signaling Technology,5051,C81H16,AB_10950503,
PR,Alexa Fluor 647,**,Abcam,ab199455,YR85,,Discontinued
PR,Alexa Fluor 488,**,Abcam,ab199224,YR85,AB_2728808,Discontinued
RAD51,,**,Cell Signaling Technology,8875S,D4B10,AB_2721109,
Rb (pS807; pS811),Alexa Fluor 555,**,Cell Signaling Technology,8957S,D20B12,AB_2728827,
Rb (pS807; pS811),,**,Santa Cruz Biotechnology,sc-16670,Ser 807/811 ,AB_655250,
Rb (pS807; pS811),,**,Cell Signaling Technology,8516S,D20B12,AB_11178658,
RNA Pol II CTD (pS2),,**,Active Motif,61083,3E10,AB_2687450,
RNA Polym II/POLR2A,Alexa Fluor 488,**,Novus Biologicals,NB200-598AF488,4H8,AB_2889345,
RPA32,,**,Bethyl Laboratories Inc.,IHC-00417,,AB_1659838,
RPA32 (pS4; pS8),,**,Bethyl Laboratories Inc.,IHC-00422,,AB_1659840,
S100-A1,Alexa Fluor 488,**,Abcam,ab207367,EPR5251,AB_2728788,
S100-A4,Alexa Fluor 647,**,Abcam,ab196168,EPR2761(2),AB_2728804,
S6,Alexa Fluor 555,**,Cell Signaling Technology,6989S,54D2,AB_10828226,Discontinued
S6 (pS235; pS236),Alexa Fluor 647,**,Cell Signaling Technology,4851S,D57.2.2E,AB_916160,
S6 (pS235; pS236),,**,Cell Signaling Technology,4858,D57.2.2E,AB_916156,
S6 (pS240; pS244),Alexa Fluor 488,**,Cell Signaling Technology,5018S,D68F8,AB_10695861,
S6 Ribosomal Protein (pS235; pS236),Alexa Fluor 555,**,Cell Signaling Technology,3985,D57.2.2E,AB_10693792,
S6 Ribosomal Protein (pS235; pS236),Alexa Fluor 488,**,Cell Signaling Technology,4803,D57.2.2E,AB_916158,
Snail 1,Alexa Fluor 488,**,Thermo Fisher Scientific (eBioscience),53-9859-80,20C8,AB_2574482,
Sox2,Alexa Fluor 647,**,Cell Signaling Technology,5067,D6D9,AB_10828229,
Sox2,Alexa Fluor 555,**,Cell Signaling Technology,5179S,D6D9,AB_10828439,
Sox4,Alexa Fluor 647,**,Santa Cruz Biotechnology,sc-518016 AF647,B-7,AB_2889356,
SPI1,,**,BD Biosciences,554268,G148-74,AB_395335,
SQSTM1,Alexa Fluor 555,**,Abcam,ab203430,EPR4844,AB_2728795,
SQSTM1,Alexa Fluor 488,**,Cell Signaling Technology,8833S,D1D9E3,AB_2728820,Discontinued
Src (pY418),phycoerythrin,**,Thermo Fisher Scientific,12-9034-41,SC1T2M3,AB_2572680,
Stat1,,**,Cell Signaling Technology,9176S,9H2,AB_10691845,
Stat1 (pS727),phycoerythrin,**,BioLegend,686403,A15158B,AB_2616938,
Stat1 (pY701),Alexa Fluor 555,**,Cell Signaling Technology,8183S,58D6,AB_10860600,
Stat3,Alexa Fluor 488,**,Cell Signaling Technology,14047S,D3Z2G,AB_2728821,
Stat3 (pY705),,**,Cell Signaling Technology,9145,D3A7,AB_2491009,
STING,Alexa Fluor 647,**,Abcam,ab198952,EPR13130,AB_2889207,
STING,Alexa Fluor 488,**,Abcam,ab198950,EPR13130,AB_2889208,
STING,,**,Cell Signaling Technology,13647S,D2P2F,AB_2732796,
Survivin,Alexa Fluor 647,**,Cell Signaling Technology,2866S,71G4B7,AB_10698609,
Survivin,Alexa Fluor 488,**,Cell Signaling Technology,2810,71G4B7,AB_10691462,
Tbx21,eFluor 660,**,Thermo Fisher Scientific,50-5825-82,4B10,AB_10596655,
Tbx21,,**,Abcam,ab150440,EPR9301,AB_2889209,
TLR10,,**,Abcam,ab53631,,AB_883039,
TPCN2,,**,Novus Biologicals,NBP1-86923,,AB_11021735,
Tryptase,,**,Dako,M7052,AA1,AB_2206478,
Tubulin beta chain,Alexa Fluor 647,**,Cell Signaling Technology,3624S,9F3,AB_2210688,
Tubulin beta chain,Alexa Fluor 647,**,BioLegend,657405,AA10,AB_2563609,
Tubulin beta chain,Alexa Fluor 555,**,Cell Signaling Technology,2116S,9F3,AB_10695881,
VEGFR-1,,**,Santa Cruz Biotechnology,sc-31173,,AB_2106885,Discontinued
VEGFR-2,Alexa Fluor 555,**,Cell Signaling Technology,12872S,D5B1,AB_2728828,Discontinued
VEGFR-2,phycoerythrin,**,Cell Signaling Technology,12634,D5B1,AB_2728829,
Vimentin,Alexa Fluor 647,**,BioLegend,677807,O91D3,AB_2616801,
Vimentin,Alexa Fluor 647,**,Cell Signaling Technology,9856,D21H3,AB_10834530,
Vimentin,Alexa Fluor 555,**,Cell Signaling Technology,9855,D21H3,AB_10859896,
Vimentin,Alexa Fluor 488,**,R&D Systems,IC2105G,280618,AB_2889353,
Vinculin,eFluor 570,**,Thermo Fisher Scientific,41-9777-80,7F9,AB_2573646,
53BP1,,*,Cell Signaling Technology,4937,,AB_10694558,
ACTH,Alexa Fluor 647,*,Novus Biologicals,NBP2-34529AF647,2F6,AB_2889346,
AKT (pS473),Alexa Fluor 647,*,Cell Signaling Technology,2337,193H12,AB_490782,
Alpha-actin-2,Alexa Fluor 750,*,R&D Systems,IC1420S-025,1A4,AB_2868436,
Annexin 5,Alexa Fluor 647,*,BioLegend,640911,,,
AREB6,Alexa Fluor 647,*,Abcam,ab216121,EPR17375,AB_2868420,
AXL,phycoerythrin,*,Cell Signaling Technology,78909,C89E7,AB_2799921,
BANF1,Alexa Fluor 647,*,Abcam,ab208621,EPR7668,AB_2868493,
BANF1,Alexa Fluor 568,*,Abcam,ab208534,EPR7668,AB_2868492,
BCLXL,Alexa Fluor 647,*,Cell Signaling Technology,86387,54H6,AB_2800078,
BIM,phycoerythrin,*,Cell Signaling Technology,12186,C34C5,AB_2797842,
BrdU,Alexa Fluor 488,*,BioLegend,364105,3D4,AB_2564499,
BTK (pY551; pY511),eFluor 660,*,Thermo Fisher Scientific,50-9015-80,M4G3LN,AB_2574306,Discontinued
c-Jun,Alexa Fluor 488,*,Abcam,ab193780,E254,AB_2728783,Discontinued
c-Myc,,*,BioLegend,626801,9E10,AB_2235686,
Calponin,Alexa Fluor 555,*,Abcam,ab208051,EP798Y,,Discontinued
Catenin beta-1,Alexa Fluor 488,*,BD Biosciences,562505,14,AB_11154224,
CCNA,phycoerythrin,*,Santa Cruz Biotechnology,sc-271682 PE,,AB_10709300,
CD10,FITC,*,Thermo Fisher Scientific,MA5-16943,SN5c,AB_2538419,
CD10,Alexa Fluor 488,*,Abcam,ab225479,EPR5904-110,AB_2884941,
CD10,,*,Abcam,ab951,56C6,AB_2146533,
CD103,Alexa Fluor 647,*,BioLegend,350209,Ber-ACT8,AB_10640870,
CD103,,*,Cell Marque (Millipore Sigma),437R-15,EP206,AB_2884943,
CD103,,*,Abcam,ab129202,EPR4166(2),AB_11142856,
CD115,,*,Abcam,ab183316,SP211,AB_2885197,
CD11a,phycoerythrin,*,BioLegend,301207,HI111,AB_314145,
CD11b,Alexa Fluor 555,*,Abcam,ab206616,EPR1344,AB_2728809,
CD11b,Alexa Fluor 488,*,BioLegend,101219,M1/70,AB_493545,
CD11c,,*,Thermo Fisher Scientific,14-9761-82,118/A5,AB_2572997,
CD123,APC,*,Thermo Fisher Scientific (eBioscience),17-1231-81,5B11,AB_891363,Discontinued
CD123,Alexa Fluor 488,*,BioLegend,306035,6H6,AB_2629569,
CD131,phycoerythrin,*,BD Biosciences,559920,JORO50,AB_397374,
CD134,FITC,*,Thermo Fisher Scientific,11-1347-41,ACT-35,AB_10596491,
CD14,phycoerythrin,*,Thermo Fisher Scientific,12-0149-41,61D3,AB_10597598,
CD163,,*,Abcam,ab87099,,AB_11154711,
CD166,Alexa Fluor 488,*,Abcam,ab197543,EPR2759(2),AB_2889210,
CD1a,phycoerythrin,*,BioLegend,300105,HI149,AB_314019,
CD1c,phycoerythrin,*,BioLegend,331505,L161,AB_1089000,
CD2,,*,Abcam,ab37212,,AB_726228,
CD20,phycoerythrin,*,BioLegend,302305,2H7,AB_314253,
CD209,,*,Santa Cruz Biotechnology,sc-65740,DC28,AB_1121347,
CD23,phycoerythrin,*,Thermo Fisher Scientific,12-0232,B3B4,AB_465595,
CD24,FITC,*,Abcam,AB_726282,SN3,AB_726282,
CD25,Alexa Fluor 647,*,BioLegend,302617,BC96,AB_493046,
CD25,,*,Abcam,ab128955,EPR6452,AB_11141054,
CD273,,*,Cell Signaling Technology,82723,D7U8C,AB_2799999,
CD278,,*,Cell Signaling Technology,89601,D1K2T,AB_2800142,
CD278,,*,Abcam,ab105227,SP98,AB_10710236,
CD303,,*,Millipore Sigma,MABF94,10E6.1,AB_2889343,
CD305,Alexa Fluor 647,*,BioLegend,342802,NKTA255,AB_2133480,
CD31,phycoerythrin,*,Thermo Fisher Scientific,12-0319-41,WM-59,AB_10670623,
CD31,phycoerythrin,*,Abcam,ab215660,JC/70A,AB_2889211,
CD31,FITC,*,Thermo Fisher Scientific (eBioscience),11-0311-82,390,AB_465012,
CD31,APC,*,Thermo Fisher Scientific,17-0319-41,WM-59,AB_10853188,
CD34,phycoerythrin,*,Abcam,ab30377,QBEND/10,AB_726407,
CD39,,*,Abcam,ab223842,EPR20627,AB_2889212,
CD40,,*,Cell Signaling Technology,40868,D8W3N,AB_2799188,
CD45,,*,BioLegend,304047,HI30,AB_2563128,
CD45RA,Alexa Fluor 488,*,BioLegend,304114,HI100,AB_528816,
CD45RO,APC,*,BioLegend,304210,UCHL1,AB_314426,
CD49a,,*,R&D Systems,AF5676,,AB_2129238,
CD49b,FITC,*,BioLegend,359305,P1E6-C5,AB_2562530,
CD49b,Alexa Fluor 647,*,BioLegend,103511,HMa2,AB_528830,
CD49b,Alexa Fluor 647,*,BioLegend,108912,DX5,AB_492880,
CD56,,*,Abcam,ab6123,ERIC-1,AB_2149537,
CD68,APC,*,BioLegend,333809,Y1/82A,AB_10567107,
CD69,FITC,*,BioLegend,310904,FN50,AB_314839,
CD71,phycoerythrin,*,Thermo Fisher Scientific,12-0711,R17217,AB_465739,
CD71,FITC,*,BioLegend,334103,CY1G4,AB_1236432,
CD73,,*,Abcam,ab124725,EPR6115,AB_10976033,Discontinued
CD8,Alexa Fluor 647,*,BioLegend,344725,SK1,AB_2563451,
CD8,Alexa Fluor 647,*,R&D Systems,FAB1509R-025,37006,AB_2728841,
CD80,FITC,*,R&D Systems,FAB140F,37711,AB_357027,
CD86,phycoerythrin,*,BioLegend,305405,IT2.2,AB_314525,
CD8a,Alexa Fluor 488,*,Thermo Fisher Scientific (eBioscience),53-0086-41,OKT8,AB_10547060,
CD8a,Alexa Fluor 488,*,BioLegend,103511,53-6.7,AB_493423,
CD8a,,*,Thermo Fisher Scientific,14-0085,C8/144B,AB_11151339,
CDC2,FITC,*,Santa Cruz Biotechnology,sc-54 FITC,17, AB_2074908,
CDK1/2/3 (pT14),Alexa Fluor 488,*,Abcam,ab193829,E161,,
CDK4,phycoerythrin,*,Cell Signaling Technology,42749,D9G3E,AB_2799229,
CDK4,,*,Abcam,ab108357,EPR4513-32-7,AB_10867218,
CDX2,Alexa Fluor 647,*,Abcam,ab195008,EPR2764Y,AB_2889213,
Checkpoint kinase 1 (pS296),,*,MBL International,D313-3,44-10-8,AB_11161214,
Cleaved Caspase 3 (D175),Alexa Fluor 488,*,Cell Signaling Technology,9669S,Asp175,AB_10694067,
Cleaved Caspase 3 (D175),Alexa Fluor 647,*,Cell Signaling Technology,9602,D3E9,AB_2687881,
Cleaved Caspase 3 (D214),Alexa Fluor 488,*,Cell Signaling Technology,9603,D3E9,AB_11179205,
Cleaved PARP (D214),Alexa Fluor 647,*,Cell Signaling Technology,6987,D64E10,AB_10858215,
COX IV-1,Alexa Fluor 488,*,Cell Signaling Technology,4853,3E11,AB_2261052,
CPS1,,*,Abcam,ab129076,EPR7493-3,AB_11156290,
CPT1A,Alexa Fluor 488,*,Abcam,ab171449,8F6AE9,AB_2714024,
Cyclin-E1,eFluor 660,*,Thermo Fisher Scientific (eBioscience),50-9714-80,HE12,AB_2574350,
CytC,Alexa Fluor 647,*,Abcam,ab192486,EPR1327,AB_2889214,
Cytokeratin 14,Alexa Fluor 647,*,Abcam,ab206100,EPR17350,AB_2889215,
Cytokeratin 19,eFluor 570,*,Thermo Fisher Scientific,41-9898-80,BA17,AB_11218678,
Cytokeratin 5,Alexa Fluor 488,*,Abcam,ab207351,EPR1600Y,AB_2889216,
Cytokeratin 8,Alexa Fluor 488,*,Abcam,ab192467,EP1628Y,AB_2864346,
E-cadherin,Alexa Fluor 647,*,Abcam,ab194982,EP700Y,AB_2889217,
E2F-1,Alexa Fluor 555,*,Abcam,AB208078,EPR3818(3),,Discontinued
E2F-1,,*,Thermo Fisher Scientific,MS-879-P1,KH95,AB_143934,Discontinued
eEF2K,,*,Santa Cruz Biotechnology,sc-21642,K-19,AB_640043,
Emil1,,*,Abcam,ab18341,,AB_444432,
EpCAM,FITC,*,Abcam,ab8666,B29.1 (VU-1D9),AB_306701,
ERK,,*,Cell Signaling Technology,4696,L34F12,AB_390780,
ERK (pT202; pY204),Alexa Fluor 647,*,Cell Signaling Technology,4375,E10,AB_10706777,
ERK-1 (pT202; pY204),,*,Cell Signaling Technology,4370,D13.14.4E,AB_2297462,
ET1,,*,Abcam,ab2786,TR.ET.48.5,AB_303299,
EZHZ2,Alexa Fluor 647,*,Cell Signaling Technology,45638,D2C9,AB_2799287,
FANCD2,Alexa Fluor 647,*,Abcam,ab200763,EPR2302,AB_2889218,
FANCD2,,*,Bethyl Laboratories Inc.,IHC-00624,,AB_10752755,
FLAG,,*,Millipore Sigma,F1804,M2,AB_262044,
FN,Alexa Fluor 488,*,Abcam,ab198933,F1,AB_2728807,
FOXJ1,,*,Thermo Fisher Scientific,PA5-36210,,AB_2553418,
FOXM1,,*,Cell Signaling Technology,5436S,D12D5,AB_10692483,
FOXM1,,*,Millipore Sigma,HPA029974,,AB_10670030,
FOXO3,,*,Santa Cruz Biotechnology,sc-9812,S-20,AB_640608,
Gamma Tubulin,Alexa Fluor 647,*,Abcam,ab191114,TU-30,AB_2889219,
Gamma Tubulin,Alexa Fluor 488,*,Abcam,ab205475,EPR16793,AB_2889220,
GATA4,Alexa Fluor 647,*,Abcam,ab194072,EPR4768,,Discontinued
GLUT1,Alexa Fluor 647,*,Abcam,ab195020,EPR3915,AB_2783877,
Granzyme A,APC,*,R&D Systems,IC29051A,356412,AB_894691,
Granzyme B,,*,Abcam,ab134933,EPR8260,AB_2889221,
Granzyme B,,*,Abcam,ab4059,,AB_304251,
HER3,phycoerythrin,*,Cell Signaling Technology,77956,D22C5,AB_2799907,
HGH,Alexa Fluor 647,*,Novus Biologicals,NB500-364 AF647,GH-45,AB_10001069,
Histone H2A.X (pS139),phycoerythrin,*,BioLegend,613412,2F3,AB_2616871,
Histone H2A.X (pS139),Alexa Fluor 555,*,Cell Signaling Technology,8228S,20E3,AB_10858874,Discontinued
Histone H2B,,*,Santa Cruz Biotechnology,sc-8650,,AB_2118153,Discontinued
Histone H3.1 (K27me3),Alexa Fluor 647,*,Cell Signaling Technology,12158,C36B11,AB_2797834,
HMB45,,*,Abcam,ab732,HMB45;DT101;BC199,AB_305844,
HO1,Alexa Fluor 594,*,Abcam,ab215098,EPR1390Y,AB_2889222,
HO1,Alexa Fluor 488,*,Abcam,ab214643,EPR1390Y,AB_2889223,
HP1 alpha,Alexa Fluor 647,*,Abcam,ab198391,EPR5777,AB_2728810,
HSF1,,*,StressMarq Biosciences,SMC-118,10H8,AB_2120255,
Hsp90 beta (pS226),,*,Abcam,ab63562,,AB_1140737,
Hsp90b,,*,Santa Cruz Biotechnology,sc-1057,D-19,AB_2121392,Discontinued
I-kappaB-Alpha,,*,Cell Signaling Technology,4814,L35A5,AB_390781,
IBA1,FITC,*,Bioss,bs-1363R-FITC,,AB_11098006,
IFNG,Alexa Fluor 488,*,BioLegend,502517,4S.B3,AB_493030,
IL-1 beta,FITC,*,BioLegend,511705,H1b-98,AB_1236434,
IL-3,phycoerythrin,*,BD Biosciences,554383,Mp2-8F8,AB_395358,
IL-6,FITC,*,BioLegend,501103,MQ2-13A5,AB_315151,
IRF-1,Alexa Fluor 647,*,Cell Signaling Technology,14105,D5E4,AB_2798393,
IRF-3,,*,Cell Signaling Technology,10949,D9J5Q,AB_2797733,
IRF-4,,*,Abcam,ab12501,MUM1p,AB_2296152,
IRF-5,Alexa Fluor 555,*,Abcam,ab210656,EPR17067,AB_2889224,
IRF-7,phycoerythrin,*,Abcam,ab210435,EPR4718,,Discontinued
Lamin-A/C,Alexa Fluor 488,*,Abcam,ab185014,EPR4100,AB_2889225,
Lamin-B,Alexa Fluor 647,*,Abcam,ab194108,EPR8985(B),AB_2889226,
LAP,Alexa Fluor 488,*,BioLegend,349605,TW4-2F8,AB_10679043,
LC3,Alexa Fluor 647,*,Cell Signaling Technology,13394,D3U4C,AB_2798205,
LC3,,*,Abcam,ab81785,,AB_1640136,
MAD2L2,Alexa Fluor 555,*,Abcam,ab210653,EPR13657,AB_2889227,
MDM2,Alexa Fluor 647,*,Abcam,ab216076,SMP14,AB_2889228,
MERTK,,*,Abcam,ab110108,,AB_10858972,
MGMT,FITC,*,EpiGentek,A52414-050,,AB_2889338,
MGMT,Alexa Fluor 647,*,Millipore Sigma,MAB16200 AF647,MT3.1,AB_2281919,
MGMT,Alexa Fluor 647,*,Novus Biologicals,NB100-168 AF647,MT 23.2,AB_10002128,
MGMT,,*,Abcam,ab39253,MT3.1,AB_776338,
MGMT,,*,Origene,TA800856GM,OTI4E6,AB_2625715,
MITF,,*,Abcam,ab12039,C5,AB_298801,
MITF,,*,Abcam,ab80651,,AB_1603129,
MRP1,Alexa Fluor 647,*,BioLegend,370203,QCRL-2,AB_2566664,
mTOR (pS2448),,*,Cell Signaling Technology,2971,,AB_330970,
mTOR (pS2448),eFluor 660,*,Thermo Fisher Scientific (eBioscience),50-9718-41,MRRBY,AB_2574351,
N-cadherin,,*,Abcam,ab18203,,AB_444317,
Nestin,eFluor 570,*,Thermo Fisher Scientific,41-9843-80,10C2,AB_2573652,
Neurofibromin,,*,Abcam,ab178323,McNFn27b,AB_2728814,
NQO1,Alexa Fluor 647,*,Abcam,ab195874,A180,,Discontinued
NRF2,Alexa Fluor 488,*,Abcam,ab194984,EP1808Y,AB_2889229,
NTRK1,,*,Abcam,ab76291,EP1058Y,AB_1524514,
Nuclear factor NF-kappa-B p65 subunit,Alexa Fluor 647,*,Abcam,ab190589,E379,AB_2728800,
Olig2,Alexa Fluor 488,*,Millipore Sigma,AB9610-AF488,,AB_570666,
Olig2,Alexa Fluor 488,*,Millipore Sigma,MABN50A4,211F1.1,AB_11205039,
Olig2,,*,Millipore Sigma,AB9610-AF555,,AB_570667,
p-P44/42 MAPK (Erk1: pY204; Erk2: pY187),phycoerythrin,*,Cell Signaling Technology,75165S,D1H6G,AB_2728835,
p53,Alexa Fluor 488,*,Cell Signaling Technology,5429S,7F5,AB_10695458,
PARP-1 (D214-cleaved),Alexa Fluor 555,*,Cell Signaling Technology,6894S,D64E10,AB_10830735,
PCNA,Alexa Fluor 647,*,Abcam,ab201674,PC10,AB_2857977,
PD-1,Alexa Fluor 488,*,Abcam,ab195885,NAT105,,Discontinued
PD-L1,phycoerythrin,*,BioLegend,329705,29E.2A3,AB_940366,
PLK1,Alexa Fluor 647,*,Bioss,bs-3535R-A647,,AB_2889334,
PML,Alexa Fluor 555,*,Abcam,ab217524,EPR16768,,Discontinued
PMS2,Alexa Fluor 555,*,Abcam,ab203457,EPR3947,AB_2889230,
POU5F1,Alexa Fluor 555,*,Abcam,ab210657,EPR17929,AB_2889231,
PR,eFluor 660,*,Thermo Fisher Scientific,50-9764-80,KMC912,AB_2574363,
PR,Alexa Fluor 594,*,Abcam,ab207855,YR85,,
PTEN,,*,Cell Signaling Technology,9559,138G6,AB_390810,
Rac,,*,BD Biosciences,610650,102/Rac1,AB_397977,
RAD51,Alexa Fluor 488,*,Abcam,ab196449,EPR4030(3),AB_2889232,
RB,phycoerythrin,*,Cell Signaling Technology,14731,4H1,AB_2798590,
RFP,,*,Thermo Fisher Scientific,R10367,,AB_10563941,
Runx,eFluor 660,*,Thermo Fisher Scientific (eBioscience),50-9817-80,R3-5G4,AB_2574384,
S100-A1,,*,Dako,Z0311,,AB_10013383,
S100-A9,FITC,*,Abcam,ab7429,MAC387,AB_305923,
SDHB,Alexa Fluor 647,*,Abcam,ab197722,21A11AE7,AB_2889233,
SHMT2,,*,Abcam,ab224427,,AB_2889234,
SirT3,,*,Cell Signaling Technology,2627,C73E3,AB_2188622,
SMAD2,Alexa Fluor 647,*,Abcam,ab196538,EP567Y,AB_2889235,
Smooth Muscle Myosin,Alexa Fluor 488,*,Abcam,ab197524,EPR5336(B),AB_2889236,
Sox2,Alexa Fluor 647,*,Abcam,ab192075,,AB_2728812,
Stat1,phycoerythrin,*,Cell Signaling Technology,80916,D1K9Y,AB_2799965,
Stat1,Alexa Fluor 647,*,Abcam,ab200417,EPR4407,AB_2889237,
Stat4,phycoerythrin,*,Abcam,ab216702,EP1900Y,AB_2889238,
Stat5a,Alexa Fluor 647,*,Abcam,ab194309,E289,AB_2889239,
Stat6,Alexa Fluor 488,*,Abcam,ab196478,YE361,AB_2889240,
Tbr2,,*,Millipore Sigma,AB2283,,AB_10806889,
TCF1/TCF7,Alexa Fluor 488,*,Cell Signaling Technology,6444,C63D9,AB_2797627,
TDP43,Alexa Fluor 488,*,Abcam,ab193842,EPR5810,AB_2889241,
TFEB,,*,Abcam,ab2636,,AB_303224,
TIA-1,,*,Santa Cruz Biotechnology,sc-1751,C-20,AB_2201433,Discontinued
TIM3,Alexa Fluor 647,*,Cell Signaling Technology,78226,D5D5R,AB_2799911,
TIM3,Alexa Fluor 488,*,Cell Signaling Technology,54669,D5D5R,AB_2799468,
TLR3,phycoerythrin,*,Thermo Fisher Scientific,MA5-16188,40C1285.6,AB_2537707,
TLR3,,*,Santa Cruz Biotechnology,sc-8691,,AB_2240700,Discontinued
TLR3,,*,Santa Cruz Biotechnology,sc-8692,C-20,AB_793169,
TLR5,phycoerythrin,*,Thermo Fisher Scientific,MA5-16241,19D759.2,AB_2537759,
TNF-alpha,Alexa Fluor 488,*,BioLegend,502917,MAb11,AB_493122,
TNF-alpha,,*,Abcam,ab11564,MP6-XT3,AB_298170,
TNF-R1,,*,Abcam,ab194814,H398,AB_2889242,
TP53,Alexa Fluor 488,*,Abcam,ab156030,9D3DE3,AB_2889243,
TSC2 (pS664),,*,Abcam,ab133465,EPR8202,AB_11157389,
TYRO3,,*,R&D Systems,MAB859-SP,96201,AB_2210975,
VDAC1,Alexa Fluor 647,*,Abcam,ab179840,20B12AF2,,
VDAC1,,*,Abcam,ab15895,,AB_2214787,
XIAP,,*,BD Biosciences,610762,48/ hILP1/ XIAP,AB_398085,
AKT (pS473),,0,Cell Signaling Technology,4051,587F11,AB_331158,
AKT (pS473),,0,Cell Signaling Technology,9271,,AB_329825,
AKT (pS473),,0,Cell Signaling Technology,12694,D9W9U,AB_2797994,
AKT (pT308),phycoerythrin,0,Cell Signaling Technology,13842,D25E6,AB_2798327,
AKT (pT308),,0,Cell Signaling Technology,2965,C31E5E,AB_10233973,
AKT (pT308),,0,Cell Signaling Technology,5106,L32A4,AB_836861,
AKT (pT308) (pan),,0,Abcam,ab8933,,AB_306868,
Akt-1 (pS473),,0,Cell Signaling Technology,4060,D9E,AB_2315049,
AKT1 (pS473),Alexa Fluor 647,0,Abcam,ab194200,EP2109Y,,
AKT1 (pT308),,0,Abcam,ab105731,18F3.H11,AB_10900490,
ALDH1A1,phycoerythrin,0,Cell Signaling Technology,65583,D9Q8E,AB_2799687,
ALK,,0,Santa Cruz Biotechnology,sc-53157,ALK1,AB_628703,
Amyloid Precursor Protein,Alexa Fluor 647,0,Abcam,ab199549,Y188,AB_2868404,
Amyloid-beta precursor protein,Alexa Fluor 488,0,BioLegend,803013,6E10,AB_2564765,
Aquaporin 4,,0,Abcam,ab9512,4/18,AB_307299,
AXL,,0,Cell Signaling Technology,8661,C89E7,AB_11217435,
BIM,Alexa Fluor 488,0,Abcam,ab200667,Y36,AB_2868516,
BRD4,Alexa Fluor 488,0,Abcam,ab197606,EPR5150(2),AB_2868517,
c-Jun,FITC,0,Santa Cruz Biotechnology,sc-1694 FITC,,AB_631263,Discontinued
c-Jun (pS63),,0,Santa Cruz Biotechnology,sc-822,KM-1,AB_627262,
c-Myc,,0,Santa Cruz Biotechnology,sc-40 TRITC,9E10,AB_627268,
CD103,APC,0,Thermo Fisher Scientific,17-1038-41,B-Ly7,AB_10669816,
CD11a,FITC,0,Thermo Fisher Scientific,11-0119-41,HI111,AB_10597888,
CD11c,phycoerythrin,0,BioLegend,337205,Bu15,AB_1236439,
CD11c,APC,0,BioLegend,337207,Bu15,AB_1279068,
CD11c,,0,BioLegend,117331,N418,AB_10900261,
CD123,,0,R&D Systems,MAB301-100,32703,AB_2124263,
CD13,,0,BD Biosciences,561361,WM15,AB_10645787,
CD133,phycoerythrin,0,Thermo Fisher Scientific,12-1338-41,TMP4,AB_1582258,
CD137,,0,Cell Signaling Technology,34594,D2Z4Y,AB_2747410,
CD141,Alexa Fluor 488,0,Abcam,ab237063,EPR4051,AB_2889244,
CD152,phycoerythrin,0,BioLegend,369603,BNI3,AB_2566796,
CD163,phycoerythrin,0,Abcam,ab95613,GHI/61,AB_10681084,
CD163,Alexa Fluor 647,0,BioLegend,326507,RM3/1,AB_893268,
CD163,Alexa Fluor 647,0,BioLegend,333619,GHI/61,AB_2563474,
CD1b,phycoerythrin,0,Abcam,ab232916,SN13,AB_2889245,
CD1d,,0,Abcam,ab11076,NOR3.2/13.17,AB_297728,
CD2,FITC,0,BioLegend,300206,RPA-2.10,AB_314030,
CD20,FITC,0,BioLegend,302303,2H7,AB_314251,
CD20,Alexa Fluor 488,0,Thermo Fisher Scientific (eBioscience),53-0202-80,L26,AB_10734357,
CD206,Alexa Fluor 647,0,BioLegend,321116,15-2,AB_571881,
CD26,Alexa Fluor 647,0,Santa Cruz Biotechnology,sc-52642 AF647,5E8,AB_629016,
CD28,Alexa Fluor 488,0,Santa Cruz Biotechnology,sc-19655 AF488,CD28.2,AB_627002,
CD28,,0,Abcam,ab113358,,AB_10861658,
CD31,ATTO 565,0,StressMarq Biosciences,SPC-1283D-A565,,AB_2712902,
CD33,FITC,0,BD Biosciences,340533,P67.6,AB_400047,
CD33,Alexa Fluor 647,0,Santa Cruz Biotechnology,sc-53199 AF647,6C5/2,AB_782152,
CD35,phycoerythrin,0,BioLegend,333405,E11,AB_2085021,
CD35,phycoerythrin,0,Abcam,ab82439,E11,AB_1658461,
CD35,FITC,0,Abcam,ab82441,E11,AB_2085008,
CD365,phycoerythrin,0,BioLegend,353903,1D12,AB_11125165,
CD3d,FITC,0,Abcam,ab34722,CD3-12,AB_2889246,
CD3e,eFluor 660,0,Thermo Fisher Scientific,50-0037-41,OKT3,AB_2574150,
CD3e,APC,0,Thermo Fisher Scientific,17-0038-41,UCHT1,AB_10804761,
CD3e,Alexa Fluor 647,0,BioLegend,300422,UCHT1,AB_493092,
CD45R,eFluor 660,0,Thermo Fisher Scientific (eBioscience),50-0452-82,RA3-6B2,AB_11217671,
CD45R,eFluor 570,0,Thermo Fisher Scientific (eBioscience),41-0452-80,RA3-6B2,AB_2573598,
CD45R,Alexa Fluor 647,0,BioLegend,103229,RA3-6B2,AB_492875,
CD56,FITC,0,Thermo Fisher Scientific,11-0566-41,TULY56,AB_2572458,
CD56,eFluor 660,0,Thermo Fisher Scientific,50-0565-80,5tukon56,AB_2574160,
CD56,Alexa Fluor 647,0,BioLegend,362513,5.1H11,AB_2564086,
CD56,Alexa Fluor 488,0,Abcam,ab200333,EPR2566,AB_2728815,
CD68,eFluor 570,0,Thermo Fisher Scientific,41-0687-80,815CU17,AB_2573600,
CD68,ATTO 655,0,StressMarq Biosciences,SMC-257,6F3,AB_2699772,
CD68,Alexa Fluor 488,0,BioLegend,137011,FA-11,AB_2074847,
CD69,,0,Abcam,ab202909,,AB_2889247,
CD83,,0,BioLegend,305301,HB15e,AB_314509,
CD85j,Alexa Fluor 647,0,BioLegend,333709,GHI/75,AB_2136384,
CD8a,Alexa Fluor 488,0,BioLegend,301024,RPA-T8,AB_2561282,
CEP170,,0,Abcam,ab72505,,AB_1268101,
Cleaved PARP (D214),Alexa Fluor 647,0,BD Biosciences,558710,F21-852,AB_1645431,
CtlP,Alexa Fluor 647,0,Novus Biologicals,NBP1-41205AF647,19E8,AB_2238010,
CXCR5,FITC,0,BioLegend,356913,J252D4,AB_2561895,
CXCR5,,0,GeneTex,GTX100351,,AB_1240668,
CXCR5,,0,R&D Systems,MAB190-SP,51505,AB_2292654,
DNMT3A,,0,Abcam,ab13888,64B1146,AB_300714,
E-cadherin,FITC,0,BioLegend,324103,67A4,AB_756065,
ERK,Alexa Fluor 488,0,Cell Signaling Technology,4780,137F5,AB_1903964,
ERK (pT202; pY204),Alexa Fluor 647,0,BioLegend,369503,6B8B69,AB_2571895,
FGFR1,phycoerythrin,0,Cell Signaling Technology,12777,D8E4,AB_2798023,
FOXO3,Alexa Fluor 647,0,Abcam,ab196539,EP1949Y,AB_2728818,
FOXO3a,,0,Cell Signaling Technology,2497S,75D8,AB_836876,
FOXP3,Alexa Fluor 488,0,BioLegend,320011,150D,AB_439747,
GATA3,Alexa Fluor 594,0,BioLegend,653816,16E10A23,AB_2563353,
GFAP,,0,Millipore Sigma,MAB3402C3,,AB_11213580,
Granzyme A,eFluor 660,0,Thermo Fisher Scientific,50-9177-41,CB9,AB_2574330,
Granzyme B,FITC,0,Abcam,ab17929,B18.1,AB_444109,
Granzyme B,Alexa Fluor 647,0,BioLegend,515405,GB11,AB_2294995,
Granzyme B,,0,Millipore Sigma,HPA003418,,AB_1079020,
Granzyme B,,0,Santa Cruz Biotechnology,sc-73620,GRB7,AB_2114695,
GRHL2,,0,Abcam,ab211360,,AB_2889248,
HIF1-alpha,Alexa Fluor 647,0,BioLegend,359705,546-16,AB_2563331,
Histone H2A.X (pS139),,0,Cell Signaling Technology,2577S,Ser 139,AB_2118011,
Homeo Box C10,,0,Abcam,ab153904,,AB_2687827,
HSF1,FITC,0,Abcam,ab186360,4B4,,Discontinued
HSF1,ATTO 655,0,StressMarq Biosciences,SMC-477D A655,4B4,AB_2702303,
HSF1,ATTO 565,0,StressMarq Biosciences,SMC-476D-A565,10H4,AB_2702282,
HSF1,ATTO 488,0,StressMarq Biosciences,SMC-118D-A488,10H8,AB_2698025,
IDO,phycoerythrin,0,Cell Signaling Technology,10312,D5J4E,AB_2797718,
IDO,eFluor 660,0,Thermo Fisher Scientific,50-9750-80,V1NC3IDO,AB_2574357,
IDO,,0,Millipore Sigma,MAB10009,1F8.2,AB_1977068,
LAG-3,phycoerythrin,0,BD Biosciences,565617,T47-530,AB_2889327,
LAG-3,phycoerythrin,0,R&D Systems,FAB2319P,,AB_2133351,
LAG-3,FITC,0,Thermo Fisher Scientific,11-2239-42,3DS223H,AB_2572486,
LAG-3,FITC,0,Adipogen,AG-20B-0012F-C100,17B4,AB_2490196,
LAG-3,,0,Abcam,ab40465,11E3,AB_776102,
lkBa (pS32; pS36),Alexa Fluor 647,0,Thermo Fisher Scientific (eBioscience),50-9035-41,RILYB3R,AB_2574311,
Ly6G,,0,BioLegend,127629,1A8,AB_10899738,
MCL1,Alexa Fluor 647,0,Abcam,ab197035,Y37,AB_2800505,
MCP1,FITC,0,LifeSpan BioSciences,LS-C211505,,AB_2889339,
MCP1,Alexa Fluor 647,0,BD Biosciences,563496,5D3-F7,AB_2738242,
MGMT,,0,Cell Signaling Technology,2739,,AB_2297658,
MGMT,,0,Origene,TA800732EM,OTI1B12,AB_2625647,
MIP3 Alpha,,0,Abcam,ab122889,,AB_10903028,
MITF,Alexa Fluor 488,0,Novus Biologicals,NB100-56561AF488,21D1418,AB_838580,
Mus81,Alexa Fluor 488,0,Novus Biologicals,NB100-2064 AF488,MTA30 2G10/3,AB_1109412,
NANOG,Alexa Fluor 647,0,Abcam,ab195018,EPR207(2),AB_2889249,
NeuN,Alexa Fluor 555,0,Abcam,ab207281,EPR12763,AB_2889250,
NeuN,Alexa Fluor 488,0,Millipore Sigma,MAB377X,A60,AB_2149209,
Neurofilament L,Alexa Fluor 488,0,Cell Signaling Technology,8024,C28E10,AB_10860421,
NGF receptor,FITC,0,BioLegend,345103,ME20.4,AB_1937226,
none (Nitrotyrosine),FITC,0,Abcam,ab183390,39B6,AB_2889251,
NOS2,Alexa Fluor 647,0,Cell Signaling Technology,48866,D6B6S,AB_2799345,
NOS2,Alexa Fluor 555,0,Abcam,ab209594,EPR16635,AB_2889252,
Notch1,,0,Abcam,ab8925,,AB_306863,
NRARP,Alexa Fluor 555,0,Bioss,bs-11914R-A555,,AB_2889335,
p44/42 (pT202; pY202; pY204),Alexa Fluor 488,0,Cell Signaling Technology,4374S,E10,AB_10705598,
p53,,0,Santa Cruz Biotechnology,sc-126,DO-1,AB_628082,
p63,,0,BioCare,"PM 366 AAK, HK",4A4,AB_2889329,
PD-1,phycoerythrin,0,BioLegend,329905,EH12.2H7,AB_940481,
PD-1,Alexa Fluor 488,0,BioLegend,329935,EH12.2H7,AB_2563593,
PD-1,Alexa Fluor 488,0,BioLegend,367407,NAT105,AB_2566677,
PD-1,,0,Thermo Fisher Scientific,14-9985-81,J43,AB_468663,
PD-1,,0,Abcam,ab63477,RMP1-14,AB_2159165,
PD-1,,0,R&D Systems,AF1021,,AB_354541,
PD-L1,,0,Dako,M365329-1,22C3,,
PDGFR,Alexa Fluor 555,0,Abcam,ab206874,Y92,AB_2728816,Discontinued
PDGFR-alpha,Alexa Fluor 555,0,Cell Signaling Technology,8893S,D13C6,AB_2797679,
POU5F1,Alexa Fluor 555,0,Cell Signaling Technology,4439,C30A3,AB_10922586,
PrlR,Alexa Fluor 488,0,Abcam,ab201760,EPR7184(2),AB_2889253,
RAD51,,0,Thermo Fisher Scientific (Invitrogen),MA5-14419,51RAD01 (3C10),AB_10985045,
Runx2,Alexa Fluor 647,0,Abcam,ab215955,EPR14334,AB_2889254,
S100-A4,FITC,0,BioLegend,370007,NJ-4F3-D1,AB_2572073,
S100-A4,Alexa Fluor 488,0,BioLegend,370007,NJ-4F3-D1,AB_2572073,
SATB1,Alexa Fluor 647,0,Abcam,ab204469,EPR3895,AB_204469,
SEC61A,Alexa Fluor 647,0,Abcam,ab205795,EPR14379,,Discontinued
Sox2,Alexa Fluor 488,0,BioLegend,656109,14A6A34,AB_2563956,
SPI1,Alexa Fluor 647,0,Cell Signaling Technology,2240,9G7,AB_2186911,
SSTR2,,0,Abcam,ab216649,UMB1,AB_2889255,
Stat6,Alexa Fluor 555,0,Abcam,ab207014,YE361,AB_2889256,
TP53,Alexa Fluor 488,0,Abcam,ab204245,DO-1,,Discontinued
TPCN2,,0,Abcam,ab119915,,AB_10903692,
YAP1,Alexa Fluor 647,0,Cell Signaling Technology,38707,D8H1X,AB_2728837,